Day,Total,categories
01-01-2024,150,Travelling
02-01-2024,143,Travelling
03-01-2024,135,Travelling
04-01-2024,142,Travelling
05-01-2024,149,Travelling
06-01-2024,144,Travelling
07-01-2024,176,Travelling
08-01-2024,141,Travelling
09-01-2024,134,Travelling
10-01-2024,141,Travelling
11-01-2024,137,Travelling
12-01-2024,137,Travelling
13-01-2024,153,Travelling
14-01-2024,166,Travelling
15-01-2024,143,Travelling
16-01-2024,141,Travelling
17-01-2024,131,Travelling
18-01-2024,138,Travelling
19-01-2024,135,Travelling
20-01-2024,147,Travelling
21-01-2024,155,Travelling
22-01-2024,126,Travelling
23-01-2024,135,Travelling
24-01-2024,138,Travelling
25-01-2024,136,Travelling
26-01-2024,156,Travelling
27-01-2024,144,Travelling
28-01-2024,154,Travelling
29-01-2024,142,Travelling
30-01-2024,138,Travelling
31-01-2024,148,Travelling
01-02-2024,137,Travelling
02-02-2024,135,Travelling
03-02-2024,155,Travelling
04-02-2024,167,Travelling
05-02-2024,143,Travelling
06-02-2024,140,Travelling
07-02-2024,141,Travelling
08-02-2024,143,Travelling
09-02-2024,167,Travelling
10-02-2024,192,Travelling
11-02-2024,167,Travelling
12-02-2024,153,Travelling
13-02-2024,133,Travelling
14-02-2024,138,Travelling
15-02-2024,134,Travelling
16-02-2024,134,Travelling
17-02-2024,142,Travelling
18-02-2024,154,Travelling
19-02-2024,140,Travelling
20-02-2024,143,Travelling
21-02-2024,140,Travelling
22-02-2024,131,Travelling
23-02-2024,141,Travelling
24-02-2024,155,Travelling
25-02-2024,160,Travelling
26-02-2024,134,Travelling
27-02-2024,146,Travelling
28-02-2024,129,Travelling
29-02-2024,136,Travelling
01-03-2024,157,Travelling
02-03-2024,159,Travelling
03-03-2024,168,Travelling
04-03-2024,141,Travelling
05-03-2024,134,Travelling
06-03-2024,133,Travelling
07-03-2024,116,Travelling
08-03-2024,123,Travelling
09-03-2024,134,Travelling
10-03-2024,159,Travelling
11-03-2024,136,Travelling
12-03-2024,125,Travelling
13-03-2024,130,Travelling
14-03-2024,127,Travelling
15-03-2024,137,Travelling
16-03-2024,131,Travelling
17-03-2024,146,Travelling
18-03-2024,138,Travelling
19-03-2024,134,Travelling
20-03-2024,127,Travelling
21-03-2024,128,Travelling
22-03-2024,133,Travelling
23-03-2024,138,Travelling
24-03-2024,142,Travelling
25-03-2024,131,Travelling
26-03-2024,133,Travelling
27-03-2024,126,Travelling
28-03-2024,131,Travelling
29-03-2024,138,Travelling
30-03-2024,140,Travelling
31-03-2024,153,Travelling
01-04-2024,138,Travelling
02-04-2024,132,Travelling
03-04-2024,126,Travelling
04-04-2024,138,Travelling
05-04-2024,139,Travelling
06-04-2024,153,Travelling
07-04-2024,163,Travelling
08-04-2024,136,Travelling
09-04-2024,146,Travelling
10-04-2024,143,Travelling
11-04-2024,153,Travelling
12-04-2024,149,Travelling
13-04-2024,157,Travelling
14-04-2024,156,Travelling
15-04-2024,135,Travelling
16-04-2024,142,Travelling
17-04-2024,157,Travelling
18-04-2024,145,Travelling
19-04-2024,154,Travelling
20-04-2024,151,Travelling
21-04-2024,165,Travelling
22-04-2024,157,Travelling
23-04-2024,144,Travelling
24-04-2024,149,Travelling
25-04-2024,149,Travelling
26-04-2024,155,Travelling
27-04-2024,153,Travelling
28-04-2024,161,Travelling
29-04-2024,147,Travelling
30-04-2024,141,Travelling
01-05-2024,171,Travelling
02-05-2024,151,Travelling
03-05-2024,151,Travelling
04-05-2024,158,Travelling
05-05-2024,166,Travelling
06-05-2024,148,Travelling
07-05-2024,149,Travelling
08-05-2024,160,Travelling
09-05-2024,154,Travelling
10-05-2024,147,Travelling
11-05-2024,156,Travelling
12-05-2024,152,Travelling
13-05-2024,136,Travelling
14-05-2024,144,Travelling
15-05-2024,139,Travelling
16-05-2024,148,Travelling
17-05-2024,148,Travelling
18-05-2024,152,Travelling
19-05-2024,169,Travelling
20-05-2024,152,Travelling
21-05-2024,148,Travelling
22-05-2024,142,Travelling
23-05-2024,144,Travelling
24-05-2024,149,Travelling
25-05-2024,159,Travelling
26-05-2024,160,Travelling
27-05-2024,154,Travelling
28-05-2024,155,Travelling
29-05-2024,143,Travelling
30-05-2024,147,Travelling
31-05-2024,149,Travelling
01-01-2024,141,Men's Clothing
02-01-2024,143,Men's Clothing
03-01-2024,138,Men's Clothing
04-01-2024,139,Men's Clothing
05-01-2024,142,Men's Clothing
06-01-2024,159,Men's Clothing
07-01-2024,184,Men's Clothing
08-01-2024,144,Men's Clothing
09-01-2024,139,Men's Clothing
10-01-2024,145,Men's Clothing
11-01-2024,141,Men's Clothing
12-01-2024,152,Men's Clothing
13-01-2024,175,Men's Clothing
14-01-2024,190,Men's Clothing
15-01-2024,155,Men's Clothing
16-01-2024,142,Men's Clothing
17-01-2024,133,Men's Clothing
18-01-2024,138,Men's Clothing
19-01-2024,143,Men's Clothing
20-01-2024,157,Men's Clothing
21-01-2024,176,Men's Clothing
22-01-2024,135,Men's Clothing
23-01-2024,133,Men's Clothing
24-01-2024,137,Men's Clothing
25-01-2024,135,Men's Clothing
26-01-2024,158,Men's Clothing
27-01-2024,146,Men's Clothing
28-01-2024,167,Men's Clothing
29-01-2024,135,Men's Clothing
30-01-2024,141,Men's Clothing
31-01-2024,138,Men's Clothing
01-02-2024,141,Men's Clothing
02-02-2024,141,Men's Clothing
03-02-2024,156,Men's Clothing
04-02-2024,181,Men's Clothing
05-02-2024,139,Men's Clothing
06-02-2024,148,Men's Clothing
07-02-2024,143,Men's Clothing
08-02-2024,154,Men's Clothing
09-02-2024,142,Men's Clothing
10-02-2024,167,Men's Clothing
11-02-2024,180,Men's Clothing
12-02-2024,143,Men's Clothing
13-02-2024,147,Men's Clothing
14-02-2024,145,Men's Clothing
15-02-2024,140,Men's Clothing
16-02-2024,149,Men's Clothing
17-02-2024,164,Men's Clothing
18-02-2024,188,Men's Clothing
19-02-2024,144,Men's Clothing
20-02-2024,158,Men's Clothing
21-02-2024,152,Men's Clothing
22-02-2024,143,Men's Clothing
23-02-2024,144,Men's Clothing
24-02-2024,167,Men's Clothing
25-02-2024,183,Men's Clothing
26-02-2024,148,Men's Clothing
27-02-2024,149,Men's Clothing
28-02-2024,144,Men's Clothing
29-02-2024,150,Men's Clothing
01-03-2024,153,Men's Clothing
02-03-2024,178,Men's Clothing
03-03-2024,202,Men's Clothing
04-03-2024,160,Men's Clothing
05-03-2024,156,Men's Clothing
06-03-2024,157,Men's Clothing
07-03-2024,153,Men's Clothing
08-03-2024,167,Men's Clothing
09-03-2024,171,Men's Clothing
10-03-2024,195,Men's Clothing
11-03-2024,158,Men's Clothing
12-03-2024,166,Men's Clothing
13-03-2024,157,Men's Clothing
14-03-2024,163,Men's Clothing
15-03-2024,170,Men's Clothing
16-03-2024,187,Men's Clothing
17-03-2024,218,Men's Clothing
18-03-2024,179,Men's Clothing
19-03-2024,185,Men's Clothing
20-03-2024,178,Men's Clothing
21-03-2024,184,Men's Clothing
22-03-2024,159,Men's Clothing
23-03-2024,185,Men's Clothing
24-03-2024,203,Men's Clothing
25-03-2024,171,Men's Clothing
26-03-2024,176,Men's Clothing
27-03-2024,160,Men's Clothing
28-03-2024,177,Men's Clothing
29-03-2024,196,Men's Clothing
30-03-2024,204,Men's Clothing
31-03-2024,214,Men's Clothing
01-04-2024,185,Men's Clothing
02-04-2024,182,Men's Clothing
03-04-2024,178,Men's Clothing
04-04-2024,188,Men's Clothing
05-04-2024,193,Men's Clothing
06-04-2024,211,Men's Clothing
07-04-2024,236,Men's Clothing
08-04-2024,188,Men's Clothing
09-04-2024,210,Men's Clothing
10-04-2024,190,Men's Clothing
11-04-2024,186,Men's Clothing
12-04-2024,179,Men's Clothing
13-04-2024,196,Men's Clothing
14-04-2024,204,Men's Clothing
15-04-2024,158,Men's Clothing
16-04-2024,169,Men's Clothing
17-04-2024,180,Men's Clothing
18-04-2024,174,Men's Clothing
19-04-2024,168,Men's Clothing
20-04-2024,170,Men's Clothing
21-04-2024,196,Men's Clothing
22-04-2024,165,Men's Clothing
23-04-2024,161,Men's Clothing
24-04-2024,164,Men's Clothing
25-04-2024,166,Men's Clothing
26-04-2024,167,Men's Clothing
27-04-2024,176,Men's Clothing
28-04-2024,180,Men's Clothing
29-04-2024,161,Men's Clothing
30-04-2024,158,Men's Clothing
01-05-2024,168,Men's Clothing
02-05-2024,151,Men's Clothing
03-05-2024,152,Men's Clothing
04-05-2024,175,Men's Clothing
05-05-2024,181,Men's Clothing
06-05-2024,146,Men's Clothing
07-05-2024,155,Men's Clothing
08-05-2024,156,Men's Clothing
09-05-2024,143,Men's Clothing
10-05-2024,148,Men's Clothing
11-05-2024,161,Men's Clothing
12-05-2024,168,Men's Clothing
13-05-2024,139,Men's Clothing
14-05-2024,150,Men's Clothing
15-05-2024,151,Men's Clothing
16-05-2024,143,Men's Clothing
17-05-2024,152,Men's Clothing
18-05-2024,150,Men's Clothing
19-05-2024,172,Men's Clothing
20-05-2024,156,Men's Clothing
21-05-2024,150,Men's Clothing
22-05-2024,143,Men's Clothing
23-05-2024,151,Men's Clothing
24-05-2024,152,Men's Clothing
25-05-2024,179,Men's Clothing
26-05-2024,170,Men's Clothing
27-05-2024,152,Men's Clothing
28-05-2024,155,Men's Clothing
29-05-2024,158,Men's Clothing
30-05-2024,162,Men's Clothing
31-05-2024,166,Men's Clothing
01-01-2024,214,Shoes
02-01-2024,209,Shoes
03-01-2024,187,Shoes
04-01-2024,203,Shoes
05-01-2024,208,Shoes
06-01-2024,228,Shoes
07-01-2024,282,Shoes
08-01-2024,230,Shoes
09-01-2024,211,Shoes
10-01-2024,209,Shoes
11-01-2024,183,Shoes
12-01-2024,202,Shoes
13-01-2024,228,Shoes
14-01-2024,256,Shoes
15-01-2024,196,Shoes
16-01-2024,202,Shoes
17-01-2024,180,Shoes
18-01-2024,211,Shoes
19-01-2024,205,Shoes
20-01-2024,208,Shoes
21-01-2024,244,Shoes
22-01-2024,191,Shoes
23-01-2024,161,Shoes
24-01-2024,183,Shoes
25-01-2024,206,Shoes
26-01-2024,200,Shoes
27-01-2024,182,Shoes
28-01-2024,243,Shoes
29-01-2024,164,Shoes
30-01-2024,152,Shoes
31-01-2024,175,Shoes
01-02-2024,199,Shoes
02-02-2024,169,Shoes
03-02-2024,179,Shoes
04-02-2024,236,Shoes
05-02-2024,161,Shoes
06-02-2024,164,Shoes
07-02-2024,176,Shoes
08-02-2024,162,Shoes
09-02-2024,165,Shoes
10-02-2024,191,Shoes
11-02-2024,218,Shoes
12-02-2024,157,Shoes
13-02-2024,141,Shoes
14-02-2024,151,Shoes
15-02-2024,140,Shoes
16-02-2024,125,Shoes
17-02-2024,162,Shoes
18-02-2024,209,Shoes
19-02-2024,157,Shoes
20-02-2024,134,Shoes
21-02-2024,112,Shoes
22-02-2024,121,Shoes
23-02-2024,128,Shoes
24-02-2024,157,Shoes
25-02-2024,191,Shoes
26-02-2024,146,Shoes
27-02-2024,156,Shoes
28-02-2024,135,Shoes
29-02-2024,135,Shoes
01-03-2024,148,Shoes
02-03-2024,166,Shoes
03-03-2024,211,Shoes
04-03-2024,149,Shoes
05-03-2024,150,Shoes
06-03-2024,151,Shoes
07-03-2024,129,Shoes
08-03-2024,162,Shoes
09-03-2024,152,Shoes
10-03-2024,185,Shoes
11-03-2024,133,Shoes
12-03-2024,137,Shoes
13-03-2024,132,Shoes
14-03-2024,125,Shoes
15-03-2024,118,Shoes
16-03-2024,158,Shoes
17-03-2024,202,Shoes
18-03-2024,135,Shoes
19-03-2024,151,Shoes
20-03-2024,123,Shoes
21-03-2024,155,Shoes
22-03-2024,120,Shoes
23-03-2024,138,Shoes
24-03-2024,189,Shoes
25-03-2024,144,Shoes
26-03-2024,145,Shoes
27-03-2024,133,Shoes
28-03-2024,143,Shoes
29-03-2024,165,Shoes
30-03-2024,166,Shoes
31-03-2024,194,Shoes
01-04-2024,138,Shoes
02-04-2024,174,Shoes
03-04-2024,125,Shoes
04-04-2024,152,Shoes
05-04-2024,167,Shoes
06-04-2024,162,Shoes
07-04-2024,216,Shoes
08-04-2024,146,Shoes
09-04-2024,203,Shoes
10-04-2024,173,Shoes
11-04-2024,157,Shoes
12-04-2024,157,Shoes
13-04-2024,149,Shoes
14-04-2024,178,Shoes
15-04-2024,111,Shoes
16-04-2024,124,Shoes
17-04-2024,142,Shoes
18-04-2024,143,Shoes
19-04-2024,120,Shoes
20-04-2024,139,Shoes
21-04-2024,149,Shoes
22-04-2024,126,Shoes
23-04-2024,119,Shoes
24-04-2024,132,Shoes
25-04-2024,132,Shoes
26-04-2024,113,Shoes
27-04-2024,127,Shoes
28-04-2024,153,Shoes
29-04-2024,124,Shoes
30-04-2024,131,Shoes
01-05-2024,145,Shoes
02-05-2024,144,Shoes
03-05-2024,110,Shoes
04-05-2024,101,Shoes
05-05-2024,162,Shoes
06-05-2024,125,Shoes
07-05-2024,116,Shoes
08-05-2024,109,Shoes
09-05-2024,107,Shoes
10-05-2024,136,Shoes
11-05-2024,121,Shoes
12-05-2024,144,Shoes
13-05-2024,112,Shoes
14-05-2024,92,Shoes
15-05-2024,107,Shoes
16-05-2024,103,Shoes
17-05-2024,119,Shoes
18-05-2024,104,Shoes
19-05-2024,122,Shoes
20-05-2024,130,Shoes
21-05-2024,127,Shoes
22-05-2024,111,Shoes
23-05-2024,120,Shoes
24-05-2024,129,Shoes
25-05-2024,143,Shoes
26-05-2024,147,Shoes
27-05-2024,104,Shoes
28-05-2024,134,Shoes
29-05-2024,121,Shoes
30-05-2024,126,Shoes
31-05-2024,133,Shoes
01-01-2024,113,Men's Accessories
02-01-2024,108,Men's Accessories
03-01-2024,99,Men's Accessories
04-01-2024,99,Men's Accessories
05-01-2024,100,Men's Accessories
06-01-2024,112,Men's Accessories
07-01-2024,124,Men's Accessories
08-01-2024,102,Men's Accessories
09-01-2024,101,Men's Accessories
10-01-2024,109,Men's Accessories
11-01-2024,94,Men's Accessories
12-01-2024,101,Men's Accessories
13-01-2024,120,Men's Accessories
14-01-2024,124,Men's Accessories
15-01-2024,110,Men's Accessories
16-01-2024,106,Men's Accessories
17-01-2024,97,Men's Accessories
18-01-2024,109,Men's Accessories
19-01-2024,108,Men's Accessories
20-01-2024,106,Men's Accessories
21-01-2024,112,Men's Accessories
22-01-2024,96,Men's Accessories
23-01-2024,92,Men's Accessories
24-01-2024,95,Men's Accessories
25-01-2024,92,Men's Accessories
26-01-2024,109,Men's Accessories
27-01-2024,101,Men's Accessories
28-01-2024,108,Men's Accessories
29-01-2024,97,Men's Accessories
30-01-2024,95,Men's Accessories
31-01-2024,100,Men's Accessories
01-02-2024,98,Men's Accessories
02-02-2024,98,Men's Accessories
03-02-2024,106,Men's Accessories
04-02-2024,117,Men's Accessories
05-02-2024,98,Men's Accessories
06-02-2024,104,Men's Accessories
07-02-2024,103,Men's Accessories
08-02-2024,96,Men's Accessories
09-02-2024,94,Men's Accessories
10-02-2024,110,Men's Accessories
11-02-2024,122,Men's Accessories
12-02-2024,100,Men's Accessories
13-02-2024,96,Men's Accessories
14-02-2024,101,Men's Accessories
15-02-2024,95,Men's Accessories
16-02-2024,92,Men's Accessories
17-02-2024,102,Men's Accessories
18-02-2024,110,Men's Accessories
19-02-2024,97,Men's Accessories
20-02-2024,94,Men's Accessories
21-02-2024,95,Men's Accessories
22-02-2024,96,Men's Accessories
23-02-2024,96,Men's Accessories
24-02-2024,106,Men's Accessories
25-02-2024,105,Men's Accessories
26-02-2024,97,Men's Accessories
27-02-2024,101,Men's Accessories
28-02-2024,100,Men's Accessories
29-02-2024,102,Men's Accessories
01-03-2024,100,Men's Accessories
02-03-2024,103,Men's Accessories
03-03-2024,122,Men's Accessories
04-03-2024,112,Men's Accessories
05-03-2024,105,Men's Accessories
06-03-2024,102,Men's Accessories
07-03-2024,101,Men's Accessories
08-03-2024,105,Men's Accessories
09-03-2024,115,Men's Accessories
10-03-2024,122,Men's Accessories
11-03-2024,103,Men's Accessories
12-03-2024,100,Men's Accessories
13-03-2024,96,Men's Accessories
14-03-2024,101,Men's Accessories
15-03-2024,101,Men's Accessories
16-03-2024,107,Men's Accessories
17-03-2024,117,Men's Accessories
18-03-2024,103,Men's Accessories
19-03-2024,100,Men's Accessories
20-03-2024,97,Men's Accessories
21-03-2024,102,Men's Accessories
22-03-2024,97,Men's Accessories
23-03-2024,97,Men's Accessories
24-03-2024,108,Men's Accessories
25-03-2024,101,Men's Accessories
26-03-2024,94,Men's Accessories
27-03-2024,92,Men's Accessories
28-03-2024,95,Men's Accessories
29-03-2024,110,Men's Accessories
30-03-2024,105,Men's Accessories
31-03-2024,112,Men's Accessories
01-04-2024,99,Men's Accessories
02-04-2024,102,Men's Accessories
03-04-2024,101,Men's Accessories
04-04-2024,98,Men's Accessories
05-04-2024,99,Men's Accessories
06-04-2024,108,Men's Accessories
07-04-2024,123,Men's Accessories
08-04-2024,103,Men's Accessories
09-04-2024,111,Men's Accessories
10-04-2024,103,Men's Accessories
11-04-2024,104,Men's Accessories
12-04-2024,100,Men's Accessories
13-04-2024,104,Men's Accessories
14-04-2024,104,Men's Accessories
15-04-2024,94,Men's Accessories
16-04-2024,98,Men's Accessories
17-04-2024,97,Men's Accessories
18-04-2024,92,Men's Accessories
19-04-2024,94,Men's Accessories
20-04-2024,98,Men's Accessories
21-04-2024,106,Men's Accessories
22-04-2024,97,Men's Accessories
23-04-2024,92,Men's Accessories
24-04-2024,97,Men's Accessories
25-04-2024,96,Men's Accessories
26-04-2024,103,Men's Accessories
27-04-2024,105,Men's Accessories
28-04-2024,106,Men's Accessories
29-04-2024,95,Men's Accessories
30-04-2024,94,Men's Accessories
01-05-2024,100,Men's Accessories
02-05-2024,94,Men's Accessories
03-05-2024,93,Men's Accessories
04-05-2024,101,Men's Accessories
05-05-2024,102,Men's Accessories
06-05-2024,90,Men's Accessories
07-05-2024,91,Men's Accessories
08-05-2024,93,Men's Accessories
09-05-2024,92,Men's Accessories
10-05-2024,90,Men's Accessories
11-05-2024,92,Men's Accessories
12-05-2024,97,Men's Accessories
13-05-2024,84,Men's Accessories
14-05-2024,87,Men's Accessories
15-05-2024,90,Men's Accessories
16-05-2024,93,Men's Accessories
17-05-2024,88,Men's Accessories
18-05-2024,84,Men's Accessories
19-05-2024,96,Men's Accessories
20-05-2024,87,Men's Accessories
21-05-2024,86,Men's Accessories
22-05-2024,84,Men's Accessories
23-05-2024,96,Men's Accessories
24-05-2024,88,Men's Accessories
25-05-2024,98,Men's Accessories
26-05-2024,93,Men's Accessories
27-05-2024,100,Men's Accessories
28-05-2024,94,Men's Accessories
29-05-2024,91,Men's Accessories
30-05-2024,93,Men's Accessories
31-05-2024,97,Men's Accessories
01-01-2024,130,Electronic Accessories
02-01-2024,146,Electronic Accessories
03-01-2024,137,Electronic Accessories
04-01-2024,144,Electronic Accessories
05-01-2024,142,Electronic Accessories
06-01-2024,149,Electronic Accessories
07-01-2024,160,Electronic Accessories
08-01-2024,146,Electronic Accessories
09-01-2024,143,Electronic Accessories
10-01-2024,144,Electronic Accessories
11-01-2024,145,Electronic Accessories
12-01-2024,142,Electronic Accessories
13-01-2024,160,Electronic Accessories
14-01-2024,167,Electronic Accessories
15-01-2024,150,Electronic Accessories
16-01-2024,145,Electronic Accessories
17-01-2024,143,Electronic Accessories
18-01-2024,152,Electronic Accessories
19-01-2024,150,Electronic Accessories
20-01-2024,152,Electronic Accessories
21-01-2024,159,Electronic Accessories
22-01-2024,136,Electronic Accessories
23-01-2024,143,Electronic Accessories
24-01-2024,145,Electronic Accessories
25-01-2024,136,Electronic Accessories
26-01-2024,152,Electronic Accessories
27-01-2024,141,Electronic Accessories
28-01-2024,148,Electronic Accessories
29-01-2024,144,Electronic Accessories
30-01-2024,143,Electronic Accessories
31-01-2024,141,Electronic Accessories
01-02-2024,142,Electronic Accessories
02-02-2024,130,Electronic Accessories
03-02-2024,146,Electronic Accessories
04-02-2024,152,Electronic Accessories
05-02-2024,141,Electronic Accessories
06-02-2024,147,Electronic Accessories
07-02-2024,145,Electronic Accessories
08-02-2024,142,Electronic Accessories
09-02-2024,136,Electronic Accessories
10-02-2024,148,Electronic Accessories
11-02-2024,151,Electronic Accessories
12-02-2024,146,Electronic Accessories
13-02-2024,136,Electronic Accessories
14-02-2024,129,Electronic Accessories
15-02-2024,135,Electronic Accessories
16-02-2024,133,Electronic Accessories
17-02-2024,145,Electronic Accessories
18-02-2024,154,Electronic Accessories
19-02-2024,145,Electronic Accessories
20-02-2024,145,Electronic Accessories
21-02-2024,144,Electronic Accessories
22-02-2024,148,Electronic Accessories
23-02-2024,135,Electronic Accessories
24-02-2024,143,Electronic Accessories
25-02-2024,149,Electronic Accessories
26-02-2024,138,Electronic Accessories
27-02-2024,142,Electronic Accessories
28-02-2024,139,Electronic Accessories
29-02-2024,137,Electronic Accessories
01-03-2024,134,Electronic Accessories
02-03-2024,147,Electronic Accessories
03-03-2024,159,Electronic Accessories
04-03-2024,141,Electronic Accessories
05-03-2024,138,Electronic Accessories
06-03-2024,146,Electronic Accessories
07-03-2024,136,Electronic Accessories
08-03-2024,154,Electronic Accessories
09-03-2024,158,Electronic Accessories
10-03-2024,155,Electronic Accessories
11-03-2024,139,Electronic Accessories
12-03-2024,143,Electronic Accessories
13-03-2024,136,Electronic Accessories
14-03-2024,149,Electronic Accessories
15-03-2024,141,Electronic Accessories
16-03-2024,150,Electronic Accessories
17-03-2024,150,Electronic Accessories
18-03-2024,143,Electronic Accessories
19-03-2024,147,Electronic Accessories
20-03-2024,141,Electronic Accessories
21-03-2024,146,Electronic Accessories
22-03-2024,125,Electronic Accessories
23-03-2024,132,Electronic Accessories
24-03-2024,145,Electronic Accessories
25-03-2024,148,Electronic Accessories
26-03-2024,139,Electronic Accessories
27-03-2024,127,Electronic Accessories
28-03-2024,138,Electronic Accessories
29-03-2024,141,Electronic Accessories
30-03-2024,142,Electronic Accessories
31-03-2024,140,Electronic Accessories
01-04-2024,135,Electronic Accessories
02-04-2024,134,Electronic Accessories
03-04-2024,137,Electronic Accessories
04-04-2024,142,Electronic Accessories
05-04-2024,132,Electronic Accessories
06-04-2024,141,Electronic Accessories
07-04-2024,140,Electronic Accessories
08-04-2024,133,Electronic Accessories
09-04-2024,145,Electronic Accessories
10-04-2024,141,Electronic Accessories
11-04-2024,140,Electronic Accessories
12-04-2024,136,Electronic Accessories
13-04-2024,144,Electronic Accessories
14-04-2024,138,Electronic Accessories
15-04-2024,125,Electronic Accessories
16-04-2024,131,Electronic Accessories
17-04-2024,150,Electronic Accessories
18-04-2024,137,Electronic Accessories
19-04-2024,135,Electronic Accessories
20-04-2024,131,Electronic Accessories
21-04-2024,141,Electronic Accessories
22-04-2024,135,Electronic Accessories
23-04-2024,136,Electronic Accessories
24-04-2024,141,Electronic Accessories
25-04-2024,142,Electronic Accessories
26-04-2024,135,Electronic Accessories
27-04-2024,142,Electronic Accessories
28-04-2024,137,Electronic Accessories
29-04-2024,139,Electronic Accessories
30-04-2024,140,Electronic Accessories
01-05-2024,146,Electronic Accessories
02-05-2024,138,Electronic Accessories
03-05-2024,136,Electronic Accessories
04-05-2024,142,Electronic Accessories
05-05-2024,149,Electronic Accessories
06-05-2024,139,Electronic Accessories
07-05-2024,144,Electronic Accessories
08-05-2024,144,Electronic Accessories
09-05-2024,142,Electronic Accessories
10-05-2024,133,Electronic Accessories
11-05-2024,141,Electronic Accessories
12-05-2024,138,Electronic Accessories
13-05-2024,131,Electronic Accessories
14-05-2024,139,Electronic Accessories
15-05-2024,135,Electronic Accessories
16-05-2024,134,Electronic Accessories
17-05-2024,140,Electronic Accessories
18-05-2024,128,Electronic Accessories
19-05-2024,141,Electronic Accessories
20-05-2024,136,Electronic Accessories
21-05-2024,145,Electronic Accessories
22-05-2024,143,Electronic Accessories
23-05-2024,150,Electronic Accessories
24-05-2024,147,Electronic Accessories
25-05-2024,151,Electronic Accessories
26-05-2024,137,Electronic Accessories
27-05-2024,146,Electronic Accessories
28-05-2024,146,Electronic Accessories
29-05-2024,147,Electronic Accessories
30-05-2024,147,Electronic Accessories
31-05-2024,149,Electronic Accessories
01-01-2024,189,Women's Clothing
02-01-2024,196,Women's Clothing
03-01-2024,182,Women's Clothing
04-01-2024,183,Women's Clothing
05-01-2024,195,Women's Clothing
06-01-2024,221,Women's Clothing
07-01-2024,244,Women's Clothing
08-01-2024,201,Women's Clothing
09-01-2024,201,Women's Clothing
10-01-2024,202,Women's Clothing
11-01-2024,198,Women's Clothing
12-01-2024,211,Women's Clothing
13-01-2024,232,Women's Clothing
14-01-2024,232,Women's Clothing
15-01-2024,220,Women's Clothing
16-01-2024,203,Women's Clothing
17-01-2024,195,Women's Clothing
18-01-2024,205,Women's Clothing
19-01-2024,207,Women's Clothing
20-01-2024,222,Women's Clothing
21-01-2024,247,Women's Clothing
22-01-2024,193,Women's Clothing
23-01-2024,204,Women's Clothing
24-01-2024,204,Women's Clothing
25-01-2024,180,Women's Clothing
26-01-2024,206,Women's Clothing
27-01-2024,199,Women's Clothing
28-01-2024,207,Women's Clothing
29-01-2024,178,Women's Clothing
30-01-2024,181,Women's Clothing
31-01-2024,184,Women's Clothing
01-02-2024,182,Women's Clothing
02-02-2024,183,Women's Clothing
03-02-2024,208,Women's Clothing
04-02-2024,233,Women's Clothing
05-02-2024,189,Women's Clothing
06-02-2024,201,Women's Clothing
07-02-2024,191,Women's Clothing
08-02-2024,195,Women's Clothing
09-02-2024,187,Women's Clothing
10-02-2024,214,Women's Clothing
11-02-2024,231,Women's Clothing
12-02-2024,191,Women's Clothing
13-02-2024,195,Women's Clothing
14-02-2024,204,Women's Clothing
15-02-2024,174,Women's Clothing
16-02-2024,179,Women's Clothing
17-02-2024,192,Women's Clothing
18-02-2024,218,Women's Clothing
19-02-2024,187,Women's Clothing
20-02-2024,174,Women's Clothing
21-02-2024,171,Women's Clothing
22-02-2024,174,Women's Clothing
23-02-2024,169,Women's Clothing
24-02-2024,191,Women's Clothing
25-02-2024,210,Women's Clothing
26-02-2024,175,Women's Clothing
27-02-2024,173,Women's Clothing
28-02-2024,171,Women's Clothing
29-02-2024,174,Women's Clothing
01-03-2024,184,Women's Clothing
02-03-2024,197,Women's Clothing
03-03-2024,228,Women's Clothing
04-03-2024,186,Women's Clothing
05-03-2024,185,Women's Clothing
06-03-2024,188,Women's Clothing
07-03-2024,184,Women's Clothing
08-03-2024,195,Women's Clothing
09-03-2024,203,Women's Clothing
10-03-2024,227,Women's Clothing
11-03-2024,192,Women's Clothing
12-03-2024,187,Women's Clothing
13-03-2024,180,Women's Clothing
14-03-2024,188,Women's Clothing
15-03-2024,193,Women's Clothing
16-03-2024,208,Women's Clothing
17-03-2024,227,Women's Clothing
18-03-2024,193,Women's Clothing
19-03-2024,198,Women's Clothing
20-03-2024,193,Women's Clothing
21-03-2024,197,Women's Clothing
22-03-2024,181,Women's Clothing
23-03-2024,200,Women's Clothing
24-03-2024,221,Women's Clothing
25-03-2024,200,Women's Clothing
26-03-2024,185,Women's Clothing
27-03-2024,180,Women's Clothing
28-03-2024,190,Women's Clothing
29-03-2024,203,Women's Clothing
30-03-2024,212,Women's Clothing
31-03-2024,224,Women's Clothing
01-04-2024,194,Women's Clothing
02-04-2024,193,Women's Clothing
03-04-2024,190,Women's Clothing
04-04-2024,196,Women's Clothing
05-04-2024,195,Women's Clothing
06-04-2024,209,Women's Clothing
07-04-2024,231,Women's Clothing
08-04-2024,192,Women's Clothing
09-04-2024,210,Women's Clothing
10-04-2024,198,Women's Clothing
11-04-2024,201,Women's Clothing
12-04-2024,191,Women's Clothing
13-04-2024,214,Women's Clothing
14-04-2024,213,Women's Clothing
15-04-2024,173,Women's Clothing
16-04-2024,179,Women's Clothing
17-04-2024,187,Women's Clothing
18-04-2024,185,Women's Clothing
19-04-2024,188,Women's Clothing
20-04-2024,188,Women's Clothing
21-04-2024,205,Women's Clothing
22-04-2024,177,Women's Clothing
23-04-2024,174,Women's Clothing
24-04-2024,184,Women's Clothing
25-04-2024,180,Women's Clothing
26-04-2024,188,Women's Clothing
27-04-2024,187,Women's Clothing
28-04-2024,207,Women's Clothing
29-04-2024,184,Women's Clothing
30-04-2024,181,Women's Clothing
01-05-2024,187,Women's Clothing
02-05-2024,172,Women's Clothing
03-05-2024,164,Women's Clothing
04-05-2024,192,Women's Clothing
05-05-2024,193,Women's Clothing
06-05-2024,161,Women's Clothing
07-05-2024,174,Women's Clothing
08-05-2024,171,Women's Clothing
09-05-2024,165,Women's Clothing
10-05-2024,167,Women's Clothing
11-05-2024,182,Women's Clothing
12-05-2024,185,Women's Clothing
13-05-2024,163,Women's Clothing
14-05-2024,163,Women's Clothing
15-05-2024,169,Women's Clothing
16-05-2024,168,Women's Clothing
17-05-2024,169,Women's Clothing
18-05-2024,166,Women's Clothing
19-05-2024,189,Women's Clothing
20-05-2024,171,Women's Clothing
21-05-2024,165,Women's Clothing
22-05-2024,161,Women's Clothing
23-05-2024,171,Women's Clothing
24-05-2024,164,Women's Clothing
25-05-2024,182,Women's Clothing
26-05-2024,184,Women's Clothing
27-05-2024,168,Women's Clothing
28-05-2024,172,Women's Clothing
29-05-2024,167,Women's Clothing
30-05-2024,167,Women's Clothing
31-05-2024,169,Women's Clothing
01-01-2024,133,Beauty
02-01-2024,135,Beauty
03-01-2024,138,Beauty
04-01-2024,134,Beauty
05-01-2024,142,Beauty
06-01-2024,154,Beauty
07-01-2024,167,Beauty
08-01-2024,138,Beauty
09-01-2024,132,Beauty
10-01-2024,133,Beauty
11-01-2024,137,Beauty
12-01-2024,140,Beauty
13-01-2024,150,Beauty
14-01-2024,152,Beauty
15-01-2024,132,Beauty
16-01-2024,135,Beauty
17-01-2024,135,Beauty
18-01-2024,143,Beauty
19-01-2024,137,Beauty
20-01-2024,148,Beauty
21-01-2024,164,Beauty
22-01-2024,135,Beauty
23-01-2024,144,Beauty
24-01-2024,136,Beauty
25-01-2024,140,Beauty
26-01-2024,154,Beauty
27-01-2024,145,Beauty
28-01-2024,155,Beauty
29-01-2024,135,Beauty
30-01-2024,140,Beauty
31-01-2024,141,Beauty
01-02-2024,140,Beauty
02-02-2024,134,Beauty
03-02-2024,152,Beauty
04-02-2024,165,Beauty
05-02-2024,144,Beauty
06-02-2024,154,Beauty
07-02-2024,160,Beauty
08-02-2024,147,Beauty
09-02-2024,151,Beauty
10-02-2024,167,Beauty
11-02-2024,171,Beauty
12-02-2024,145,Beauty
13-02-2024,144,Beauty
14-02-2024,141,Beauty
15-02-2024,137,Beauty
16-02-2024,143,Beauty
17-02-2024,158,Beauty
18-02-2024,163,Beauty
19-02-2024,144,Beauty
20-02-2024,143,Beauty
21-02-2024,139,Beauty
22-02-2024,142,Beauty
23-02-2024,134,Beauty
24-02-2024,150,Beauty
25-02-2024,164,Beauty
26-02-2024,137,Beauty
27-02-2024,141,Beauty
28-02-2024,139,Beauty
29-02-2024,135,Beauty
01-03-2024,141,Beauty
02-03-2024,143,Beauty
03-03-2024,164,Beauty
04-03-2024,137,Beauty
05-03-2024,135,Beauty
06-03-2024,141,Beauty
07-03-2024,135,Beauty
08-03-2024,140,Beauty
09-03-2024,145,Beauty
10-03-2024,159,Beauty
11-03-2024,136,Beauty
12-03-2024,141,Beauty
13-03-2024,132,Beauty
14-03-2024,137,Beauty
15-03-2024,139,Beauty
16-03-2024,142,Beauty
17-03-2024,159,Beauty
18-03-2024,138,Beauty
19-03-2024,134,Beauty
20-03-2024,135,Beauty
21-03-2024,144,Beauty
22-03-2024,129,Beauty
23-03-2024,139,Beauty
24-03-2024,149,Beauty
25-03-2024,138,Beauty
26-03-2024,134,Beauty
27-03-2024,129,Beauty
28-03-2024,135,Beauty
29-03-2024,142,Beauty
30-03-2024,143,Beauty
31-03-2024,147,Beauty
01-04-2024,137,Beauty
02-04-2024,139,Beauty
03-04-2024,136,Beauty
04-04-2024,138,Beauty
05-04-2024,145,Beauty
06-04-2024,153,Beauty
07-04-2024,160,Beauty
08-04-2024,142,Beauty
09-04-2024,152,Beauty
10-04-2024,154,Beauty
11-04-2024,145,Beauty
12-04-2024,137,Beauty
13-04-2024,148,Beauty
14-04-2024,143,Beauty
15-04-2024,131,Beauty
16-04-2024,134,Beauty
17-04-2024,144,Beauty
18-04-2024,136,Beauty
19-04-2024,136,Beauty
20-04-2024,147,Beauty
21-04-2024,153,Beauty
22-04-2024,135,Beauty
23-04-2024,133,Beauty
24-04-2024,139,Beauty
25-04-2024,142,Beauty
26-04-2024,142,Beauty
27-04-2024,145,Beauty
28-04-2024,149,Beauty
29-04-2024,144,Beauty
30-04-2024,135,Beauty
01-05-2024,146,Beauty
02-05-2024,133,Beauty
03-05-2024,124,Beauty
04-05-2024,144,Beauty
05-05-2024,142,Beauty
06-05-2024,129,Beauty
07-05-2024,133,Beauty
08-05-2024,133,Beauty
09-05-2024,132,Beauty
10-05-2024,132,Beauty
11-05-2024,137,Beauty
12-05-2024,139,Beauty
13-05-2024,126,Beauty
14-05-2024,129,Beauty
15-05-2024,134,Beauty
16-05-2024,131,Beauty
17-05-2024,132,Beauty
18-05-2024,132,Beauty
19-05-2024,140,Beauty
20-05-2024,128,Beauty
21-05-2024,123,Beauty
22-05-2024,126,Beauty
23-05-2024,135,Beauty
24-05-2024,131,Beauty
25-05-2024,144,Beauty
26-05-2024,138,Beauty
27-05-2024,129,Beauty
28-05-2024,133,Beauty
29-05-2024,130,Beauty
30-05-2024,132,Beauty
31-05-2024,141,Beauty
01-01-2024,177,Electronics
02-01-2024,197,Electronics
03-01-2024,197,Electronics
04-01-2024,206,Electronics
05-01-2024,197,Electronics
06-01-2024,187,Electronics
07-01-2024,188,Electronics
08-01-2024,205,Electronics
09-01-2024,200,Electronics
10-01-2024,208,Electronics
11-01-2024,208,Electronics
12-01-2024,201,Electronics
13-01-2024,194,Electronics
14-01-2024,188,Electronics
15-01-2024,201,Electronics
16-01-2024,206,Electronics
17-01-2024,196,Electronics
18-01-2024,214,Electronics
19-01-2024,208,Electronics
20-01-2024,196,Electronics
21-01-2024,184,Electronics
22-01-2024,184,Electronics
23-01-2024,202,Electronics
24-01-2024,217,Electronics
25-01-2024,196,Electronics
26-01-2024,192,Electronics
27-01-2024,197,Electronics
28-01-2024,190,Electronics
29-01-2024,215,Electronics
30-01-2024,218,Electronics
31-01-2024,220,Electronics
01-02-2024,220,Electronics
02-02-2024,203,Electronics
03-02-2024,195,Electronics
04-02-2024,191,Electronics
05-02-2024,209,Electronics
06-02-2024,220,Electronics
07-02-2024,224,Electronics
08-02-2024,215,Electronics
09-02-2024,213,Electronics
10-02-2024,194,Electronics
11-02-2024,195,Electronics
12-02-2024,209,Electronics
13-02-2024,202,Electronics
14-02-2024,202,Electronics
15-02-2024,210,Electronics
16-02-2024,210,Electronics
17-02-2024,188,Electronics
18-02-2024,180,Electronics
19-02-2024,215,Electronics
20-02-2024,210,Electronics
21-02-2024,215,Electronics
22-02-2024,207,Electronics
23-02-2024,223,Electronics
24-02-2024,208,Electronics
25-02-2024,184,Electronics
26-02-2024,214,Electronics
27-02-2024,236,Electronics
28-02-2024,234,Electronics
29-02-2024,220,Electronics
01-03-2024,220,Electronics
02-03-2024,203,Electronics
03-03-2024,192,Electronics
04-03-2024,223,Electronics
05-03-2024,215,Electronics
06-03-2024,217,Electronics
07-03-2024,210,Electronics
08-03-2024,196,Electronics
09-03-2024,191,Electronics
10-03-2024,193,Electronics
11-03-2024,222,Electronics
12-03-2024,229,Electronics
13-03-2024,234,Electronics
14-03-2024,222,Electronics
15-03-2024,216,Electronics
16-03-2024,197,Electronics
17-03-2024,193,Electronics
18-03-2024,225,Electronics
19-03-2024,226,Electronics
20-03-2024,210,Electronics
21-03-2024,223,Electronics
22-03-2024,194,Electronics
23-03-2024,175,Electronics
24-03-2024,177,Electronics
25-03-2024,183,Electronics
26-03-2024,206,Electronics
27-03-2024,203,Electronics
28-03-2024,208,Electronics
29-03-2024,199,Electronics
30-03-2024,199,Electronics
31-03-2024,179,Electronics
01-04-2024,221,Electronics
02-04-2024,220,Electronics
03-04-2024,218,Electronics
04-04-2024,222,Electronics
05-04-2024,217,Electronics
06-04-2024,207,Electronics
07-04-2024,191,Electronics
08-04-2024,205,Electronics
09-04-2024,211,Electronics
10-04-2024,220,Electronics
11-04-2024,199,Electronics
12-04-2024,207,Electronics
13-04-2024,192,Electronics
14-04-2024,165,Electronics
15-04-2024,219,Electronics
16-04-2024,222,Electronics
17-04-2024,208,Electronics
18-04-2024,205,Electronics
19-04-2024,183,Electronics
20-04-2024,166,Electronics
21-04-2024,160,Electronics
22-04-2024,191,Electronics
23-04-2024,184,Electronics
24-04-2024,189,Electronics
25-04-2024,195,Electronics
26-04-2024,185,Electronics
27-04-2024,165,Electronics
28-04-2024,147,Electronics
29-04-2024,193,Electronics
30-04-2024,191,Electronics
01-05-2024,186,Electronics
02-05-2024,192,Electronics
03-05-2024,185,Electronics
04-05-2024,179,Electronics
05-05-2024,160,Electronics
06-05-2024,190,Electronics
07-05-2024,189,Electronics
08-05-2024,192,Electronics
09-05-2024,179,Electronics
10-05-2024,175,Electronics
11-05-2024,167,Electronics
12-05-2024,139,Electronics
13-05-2024,169,Electronics
14-05-2024,191,Electronics
15-05-2024,195,Electronics
16-05-2024,190,Electronics
17-05-2024,188,Electronics
18-05-2024,156,Electronics
19-05-2024,152,Electronics
20-05-2024,185,Electronics
21-05-2024,201,Electronics
22-05-2024,186,Electronics
23-05-2024,197,Electronics
24-05-2024,193,Electronics
25-05-2024,181,Electronics
26-05-2024,153,Electronics
27-05-2024,202,Electronics
28-05-2024,202,Electronics
29-05-2024,204,Electronics
30-05-2024,201,Electronics
31-05-2024,201,Electronics
01-01-2024,128,Sports & Outdoors
02-01-2024,147,Sports & Outdoors
03-01-2024,150,Sports & Outdoors
04-01-2024,149,Sports & Outdoors
05-01-2024,145,Sports & Outdoors
06-01-2024,153,Sports & Outdoors
07-01-2024,146,Sports & Outdoors
08-01-2024,146,Sports & Outdoors
09-01-2024,149,Sports & Outdoors
10-01-2024,147,Sports & Outdoors
11-01-2024,146,Sports & Outdoors
12-01-2024,136,Sports & Outdoors
13-01-2024,142,Sports & Outdoors
14-01-2024,138,Sports & Outdoors
15-01-2024,139,Sports & Outdoors
16-01-2024,142,Sports & Outdoors
17-01-2024,144,Sports & Outdoors
18-01-2024,146,Sports & Outdoors
19-01-2024,145,Sports & Outdoors
20-01-2024,145,Sports & Outdoors
21-01-2024,139,Sports & Outdoors
22-01-2024,127,Sports & Outdoors
23-01-2024,145,Sports & Outdoors
24-01-2024,153,Sports & Outdoors
25-01-2024,150,Sports & Outdoors
26-01-2024,151,Sports & Outdoors
27-01-2024,150,Sports & Outdoors
28-01-2024,150,Sports & Outdoors
29-01-2024,163,Sports & Outdoors
30-01-2024,174,Sports & Outdoors
31-01-2024,165,Sports & Outdoors
01-02-2024,160,Sports & Outdoors
02-02-2024,160,Sports & Outdoors
03-02-2024,154,Sports & Outdoors
04-02-2024,161,Sports & Outdoors
05-02-2024,166,Sports & Outdoors
06-02-2024,170,Sports & Outdoors
07-02-2024,174,Sports & Outdoors
08-02-2024,172,Sports & Outdoors
09-02-2024,161,Sports & Outdoors
10-02-2024,166,Sports & Outdoors
11-02-2024,160,Sports & Outdoors
12-02-2024,163,Sports & Outdoors
13-02-2024,160,Sports & Outdoors
14-02-2024,153,Sports & Outdoors
15-02-2024,157,Sports & Outdoors
16-02-2024,160,Sports & Outdoors
17-02-2024,149,Sports & Outdoors
18-02-2024,163,Sports & Outdoors
19-02-2024,177,Sports & Outdoors
20-02-2024,179,Sports & Outdoors
21-02-2024,167,Sports & Outdoors
22-02-2024,182,Sports & Outdoors
23-02-2024,161,Sports & Outdoors
24-02-2024,164,Sports & Outdoors
25-02-2024,167,Sports & Outdoors
26-02-2024,165,Sports & Outdoors
27-02-2024,186,Sports & Outdoors
28-02-2024,179,Sports & Outdoors
29-02-2024,170,Sports & Outdoors
01-03-2024,165,Sports & Outdoors
02-03-2024,164,Sports & Outdoors
03-03-2024,163,Sports & Outdoors
04-03-2024,164,Sports & Outdoors
05-03-2024,161,Sports & Outdoors
06-03-2024,158,Sports & Outdoors
07-03-2024,143,Sports & Outdoors
08-03-2024,140,Sports & Outdoors
09-03-2024,140,Sports & Outdoors
10-03-2024,153,Sports & Outdoors
11-03-2024,166,Sports & Outdoors
12-03-2024,163,Sports & Outdoors
13-03-2024,159,Sports & Outdoors
14-03-2024,160,Sports & Outdoors
15-03-2024,156,Sports & Outdoors
16-03-2024,157,Sports & Outdoors
17-03-2024,153,Sports & Outdoors
18-03-2024,163,Sports & Outdoors
19-03-2024,167,Sports & Outdoors
20-03-2024,166,Sports & Outdoors
21-03-2024,157,Sports & Outdoors
22-03-2024,142,Sports & Outdoors
23-03-2024,131,Sports & Outdoors
24-03-2024,133,Sports & Outdoors
25-03-2024,129,Sports & Outdoors
26-03-2024,143,Sports & Outdoors
27-03-2024,136,Sports & Outdoors
28-03-2024,147,Sports & Outdoors
29-03-2024,152,Sports & Outdoors
30-03-2024,137,Sports & Outdoors
31-03-2024,141,Sports & Outdoors
01-04-2024,149,Sports & Outdoors
02-04-2024,169,Sports & Outdoors
03-04-2024,173,Sports & Outdoors
04-04-2024,166,Sports & Outdoors
05-04-2024,165,Sports & Outdoors
06-04-2024,157,Sports & Outdoors
07-04-2024,158,Sports & Outdoors
08-04-2024,156,Sports & Outdoors
09-04-2024,170,Sports & Outdoors
10-04-2024,164,Sports & Outdoors
11-04-2024,164,Sports & Outdoors
12-04-2024,162,Sports & Outdoors
13-04-2024,158,Sports & Outdoors
14-04-2024,153,Sports & Outdoors
15-04-2024,166,Sports & Outdoors
16-04-2024,170,Sports & Outdoors
17-04-2024,170,Sports & Outdoors
18-04-2024,167,Sports & Outdoors
19-04-2024,177,Sports & Outdoors
20-04-2024,152,Sports & Outdoors
21-04-2024,153,Sports & Outdoors
22-04-2024,158,Sports & Outdoors
23-04-2024,159,Sports & Outdoors
24-04-2024,183,Sports & Outdoors
25-04-2024,169,Sports & Outdoors
26-04-2024,156,Sports & Outdoors
27-04-2024,155,Sports & Outdoors
28-04-2024,147,Sports & Outdoors
29-04-2024,161,Sports & Outdoors
30-04-2024,164,Sports & Outdoors
01-05-2024,172,Sports & Outdoors
02-05-2024,153,Sports & Outdoors
03-05-2024,153,Sports & Outdoors
04-05-2024,152,Sports & Outdoors
05-05-2024,144,Sports & Outdoors
06-05-2024,150,Sports & Outdoors
07-05-2024,159,Sports & Outdoors
08-05-2024,164,Sports & Outdoors
09-05-2024,157,Sports & Outdoors
10-05-2024,160,Sports & Outdoors
11-05-2024,158,Sports & Outdoors
12-05-2024,142,Sports & Outdoors
13-05-2024,153,Sports & Outdoors
14-05-2024,159,Sports & Outdoors
15-05-2024,172,Sports & Outdoors
16-05-2024,170,Sports & Outdoors
17-05-2024,166,Sports & Outdoors
18-05-2024,143,Sports & Outdoors
19-05-2024,159,Sports & Outdoors
20-05-2024,168,Sports & Outdoors
21-05-2024,164,Sports & Outdoors
22-05-2024,170,Sports & Outdoors
23-05-2024,168,Sports & Outdoors
24-05-2024,159,Sports & Outdoors
25-05-2024,155,Sports & Outdoors
26-05-2024,146,Sports & Outdoors
27-05-2024,165,Sports & Outdoors
28-05-2024,168,Sports & Outdoors
29-05-2024,158,Sports & Outdoors
30-05-2024,159,Sports & Outdoors
31-05-2024,158,Sports & Outdoors
01-01-2024,101,Toys & Games
02-01-2024,93,Toys & Games
03-01-2024,86,Toys & Games
04-01-2024,89,Toys & Games
05-01-2024,94,Toys & Games
06-01-2024,94,Toys & Games
07-01-2024,101,Toys & Games
08-01-2024,82,Toys & Games
09-01-2024,85,Toys & Games
10-01-2024,83,Toys & Games
11-01-2024,79,Toys & Games
12-01-2024,87,Toys & Games
13-01-2024,99,Toys & Games
14-01-2024,100,Toys & Games
15-01-2024,92,Toys & Games
16-01-2024,81,Toys & Games
17-01-2024,78,Toys & Games
18-01-2024,82,Toys & Games
19-01-2024,79,Toys & Games
20-01-2024,89,Toys & Games
21-01-2024,96,Toys & Games
22-01-2024,81,Toys & Games
23-01-2024,110,Toys & Games
24-01-2024,119,Toys & Games
25-01-2024,119,Toys & Games
26-01-2024,144,Toys & Games
27-01-2024,142,Toys & Games
28-01-2024,150,Toys & Games
29-01-2024,120,Toys & Games
30-01-2024,125,Toys & Games
31-01-2024,122,Toys & Games
01-02-2024,112,Toys & Games
02-02-2024,106,Toys & Games
03-02-2024,123,Toys & Games
04-02-2024,137,Toys & Games
05-02-2024,101,Toys & Games
06-02-2024,108,Toys & Games
07-02-2024,108,Toys & Games
08-02-2024,107,Toys & Games
09-02-2024,108,Toys & Games
10-02-2024,127,Toys & Games
11-02-2024,131,Toys & Games
12-02-2024,104,Toys & Games
13-02-2024,115,Toys & Games
14-02-2024,123,Toys & Games
15-02-2024,118,Toys & Games
16-02-2024,113,Toys & Games
17-02-2024,127,Toys & Games
18-02-2024,142,Toys & Games
19-02-2024,114,Toys & Games
20-02-2024,118,Toys & Games
21-02-2024,112,Toys & Games
22-02-2024,118,Toys & Games
23-02-2024,114,Toys & Games
24-02-2024,137,Toys & Games
25-02-2024,141,Toys & Games
26-02-2024,111,Toys & Games
27-02-2024,115,Toys & Games
28-02-2024,117,Toys & Games
29-02-2024,126,Toys & Games
01-03-2024,115,Toys & Games
02-03-2024,136,Toys & Games
03-03-2024,150,Toys & Games
04-03-2024,101,Toys & Games
05-03-2024,89,Toys & Games
06-03-2024,84,Toys & Games
07-03-2024,83,Toys & Games
08-03-2024,94,Toys & Games
09-03-2024,100,Toys & Games
10-03-2024,108,Toys & Games
11-03-2024,84,Toys & Games
12-03-2024,89,Toys & Games
13-03-2024,87,Toys & Games
14-03-2024,95,Toys & Games
15-03-2024,95,Toys & Games
16-03-2024,103,Toys & Games
17-03-2024,108,Toys & Games
18-03-2024,92,Toys & Games
19-03-2024,100,Toys & Games
20-03-2024,93,Toys & Games
21-03-2024,97,Toys & Games
22-03-2024,92,Toys & Games
23-03-2024,92,Toys & Games
24-03-2024,100,Toys & Games
25-03-2024,100,Toys & Games
26-03-2024,94,Toys & Games
27-03-2024,88,Toys & Games
28-03-2024,92,Toys & Games
29-03-2024,102,Toys & Games
30-03-2024,104,Toys & Games
31-03-2024,105,Toys & Games
01-04-2024,94,Toys & Games
02-04-2024,88,Toys & Games
03-04-2024,85,Toys & Games
04-04-2024,87,Toys & Games
05-04-2024,85,Toys & Games
06-04-2024,97,Toys & Games
07-04-2024,105,Toys & Games
08-04-2024,86,Toys & Games
09-04-2024,97,Toys & Games
10-04-2024,91,Toys & Games
11-04-2024,104,Toys & Games
12-04-2024,98,Toys & Games
13-04-2024,104,Toys & Games
14-04-2024,97,Toys & Games
15-04-2024,86,Toys & Games
16-04-2024,93,Toys & Games
17-04-2024,98,Toys & Games
18-04-2024,94,Toys & Games
19-04-2024,95,Toys & Games
20-04-2024,95,Toys & Games
21-04-2024,103,Toys & Games
22-04-2024,86,Toys & Games
23-04-2024,92,Toys & Games
24-04-2024,95,Toys & Games
25-04-2024,87,Toys & Games
26-04-2024,93,Toys & Games
27-04-2024,102,Toys & Games
28-04-2024,105,Toys & Games
29-04-2024,90,Toys & Games
30-04-2024,90,Toys & Games
01-05-2024,95,Toys & Games
02-05-2024,87,Toys & Games
03-05-2024,89,Toys & Games
04-05-2024,100,Toys & Games
05-05-2024,103,Toys & Games
06-05-2024,86,Toys & Games
07-05-2024,84,Toys & Games
08-05-2024,89,Toys & Games
09-05-2024,84,Toys & Games
10-05-2024,90,Toys & Games
11-05-2024,96,Toys & Games
12-05-2024,100,Toys & Games
13-05-2024,92,Toys & Games
14-05-2024,96,Toys & Games
15-05-2024,93,Toys & Games
16-05-2024,95,Toys & Games
17-05-2024,96,Toys & Games
18-05-2024,87,Toys & Games
19-05-2024,109,Toys & Games
20-05-2024,90,Toys & Games
21-05-2024,94,Toys & Games
22-05-2024,92,Toys & Games
23-05-2024,101,Toys & Games
24-05-2024,99,Toys & Games
25-05-2024,113,Toys & Games
26-05-2024,108,Toys & Games
27-05-2024,97,Toys & Games
28-05-2024,102,Toys & Games
29-05-2024,101,Toys & Games
30-05-2024,106,Toys & Games
31-05-2024,105,Toys & Games
01-01-2024,186,Furniture
02-01-2024,206,Furniture
03-01-2024,192,Furniture
04-01-2024,200,Furniture
05-01-2024,195,Furniture
06-01-2024,213,Furniture
07-01-2024,239,Furniture
08-01-2024,205,Furniture
09-01-2024,199,Furniture
10-01-2024,193,Furniture
11-01-2024,189,Furniture
12-01-2024,193,Furniture
13-01-2024,223,Furniture
14-01-2024,218,Furniture
15-01-2024,195,Furniture
16-01-2024,194,Furniture
17-01-2024,195,Furniture
18-01-2024,201,Furniture
19-01-2024,196,Furniture
20-01-2024,202,Furniture
21-01-2024,225,Furniture
22-01-2024,185,Furniture
23-01-2024,196,Furniture
24-01-2024,186,Furniture
25-01-2024,182,Furniture
26-01-2024,206,Furniture
27-01-2024,209,Furniture
28-01-2024,224,Furniture
29-01-2024,201,Furniture
30-01-2024,198,Furniture
31-01-2024,198,Furniture
01-02-2024,195,Furniture
02-02-2024,181,Furniture
03-02-2024,205,Furniture
04-02-2024,219,Furniture
05-02-2024,196,Furniture
06-02-2024,204,Furniture
07-02-2024,206,Furniture
08-02-2024,210,Furniture
09-02-2024,201,Furniture
10-02-2024,219,Furniture
11-02-2024,229,Furniture
12-02-2024,201,Furniture
13-02-2024,192,Furniture
14-02-2024,182,Furniture
15-02-2024,184,Furniture
16-02-2024,191,Furniture
17-02-2024,210,Furniture
18-02-2024,219,Furniture
19-02-2024,197,Furniture
20-02-2024,197,Furniture
21-02-2024,206,Furniture
22-02-2024,202,Furniture
23-02-2024,183,Furniture
24-02-2024,212,Furniture
25-02-2024,214,Furniture
26-02-2024,194,Furniture
27-02-2024,209,Furniture
28-02-2024,198,Furniture
29-02-2024,206,Furniture
01-03-2024,186,Furniture
02-03-2024,207,Furniture
03-03-2024,230,Furniture
04-03-2024,202,Furniture
05-03-2024,196,Furniture
06-03-2024,199,Furniture
07-03-2024,191,Furniture
08-03-2024,193,Furniture
09-03-2024,217,Furniture
10-03-2024,243,Furniture
11-03-2024,207,Furniture
12-03-2024,200,Furniture
13-03-2024,198,Furniture
14-03-2024,211,Furniture
15-03-2024,197,Furniture
16-03-2024,217,Furniture
17-03-2024,233,Furniture
18-03-2024,210,Furniture
19-03-2024,219,Furniture
20-03-2024,208,Furniture
21-03-2024,205,Furniture
22-03-2024,188,Furniture
23-03-2024,199,Furniture
24-03-2024,209,Furniture
25-03-2024,209,Furniture
26-03-2024,200,Furniture
27-03-2024,192,Furniture
28-03-2024,195,Furniture
29-03-2024,217,Furniture
30-03-2024,217,Furniture
31-03-2024,227,Furniture
01-04-2024,213,Furniture
02-04-2024,204,Furniture
03-04-2024,199,Furniture
04-04-2024,211,Furniture
05-04-2024,211,Furniture
06-04-2024,214,Furniture
07-04-2024,235,Furniture
08-04-2024,196,Furniture
09-04-2024,211,Furniture
10-04-2024,196,Furniture
11-04-2024,206,Furniture
12-04-2024,200,Furniture
13-04-2024,219,Furniture
14-04-2024,216,Furniture
15-04-2024,202,Furniture
16-04-2024,189,Furniture
17-04-2024,204,Furniture
18-04-2024,200,Furniture
19-04-2024,198,Furniture
20-04-2024,198,Furniture
21-04-2024,224,Furniture
22-04-2024,189,Furniture
23-04-2024,195,Furniture
24-04-2024,204,Furniture
25-04-2024,204,Furniture
26-04-2024,195,Furniture
27-04-2024,212,Furniture
28-04-2024,228,Furniture
29-04-2024,213,Furniture
30-04-2024,207,Furniture
01-05-2024,223,Furniture
02-05-2024,202,Furniture
03-05-2024,195,Furniture
04-05-2024,208,Furniture
05-05-2024,219,Furniture
06-05-2024,204,Furniture
07-05-2024,192,Furniture
08-05-2024,196,Furniture
09-05-2024,182,Furniture
10-05-2024,190,Furniture
11-05-2024,201,Furniture
12-05-2024,201,Furniture
13-05-2024,185,Furniture
14-05-2024,195,Furniture
15-05-2024,192,Furniture
16-05-2024,198,Furniture
17-05-2024,194,Furniture
18-05-2024,201,Furniture
19-05-2024,211,Furniture
20-05-2024,202,Furniture
21-05-2024,197,Furniture
22-05-2024,185,Furniture
23-05-2024,203,Furniture
24-05-2024,196,Furniture
25-05-2024,217,Furniture
26-05-2024,213,Furniture
27-05-2024,205,Furniture
28-05-2024,202,Furniture
29-05-2024,205,Furniture
30-05-2024,210,Furniture
31-05-2024,209,Furniture
01-01-2024,188,Women's Accessories
02-01-2024,198,Women's Accessories
03-01-2024,196,Women's Accessories
04-01-2024,195,Women's Accessories
05-01-2024,205,Women's Accessories
06-01-2024,221,Women's Accessories
07-01-2024,245,Women's Accessories
08-01-2024,200,Women's Accessories
09-01-2024,197,Women's Accessories
10-01-2024,202,Women's Accessories
11-01-2024,198,Women's Accessories
12-01-2024,203,Women's Accessories
13-01-2024,225,Women's Accessories
14-01-2024,224,Women's Accessories
15-01-2024,201,Women's Accessories
16-01-2024,203,Women's Accessories
17-01-2024,198,Women's Accessories
18-01-2024,202,Women's Accessories
19-01-2024,203,Women's Accessories
20-01-2024,214,Women's Accessories
21-01-2024,244,Women's Accessories
22-01-2024,189,Women's Accessories
23-01-2024,202,Women's Accessories
24-01-2024,202,Women's Accessories
25-01-2024,202,Women's Accessories
26-01-2024,212,Women's Accessories
27-01-2024,222,Women's Accessories
28-01-2024,220,Women's Accessories
29-01-2024,177,Women's Accessories
30-01-2024,185,Women's Accessories
31-01-2024,198,Women's Accessories
01-02-2024,196,Women's Accessories
02-02-2024,180,Women's Accessories
03-02-2024,219,Women's Accessories
04-02-2024,236,Women's Accessories
05-02-2024,206,Women's Accessories
06-02-2024,206,Women's Accessories
07-02-2024,204,Women's Accessories
08-02-2024,199,Women's Accessories
09-02-2024,195,Women's Accessories
10-02-2024,212,Women's Accessories
11-02-2024,231,Women's Accessories
12-02-2024,195,Women's Accessories
13-02-2024,198,Women's Accessories
14-02-2024,194,Women's Accessories
15-02-2024,182,Women's Accessories
16-02-2024,178,Women's Accessories
17-02-2024,188,Women's Accessories
18-02-2024,208,Women's Accessories
19-02-2024,199,Women's Accessories
20-02-2024,186,Women's Accessories
21-02-2024,187,Women's Accessories
22-02-2024,182,Women's Accessories
23-02-2024,183,Women's Accessories
24-02-2024,204,Women's Accessories
25-02-2024,226,Women's Accessories
26-02-2024,179,Women's Accessories
27-02-2024,192,Women's Accessories
28-02-2024,180,Women's Accessories
29-02-2024,170,Women's Accessories
01-03-2024,175,Women's Accessories
02-03-2024,196,Women's Accessories
03-03-2024,230,Women's Accessories
04-03-2024,193,Women's Accessories
05-03-2024,201,Women's Accessories
06-03-2024,198,Women's Accessories
07-03-2024,191,Women's Accessories
08-03-2024,192,Women's Accessories
09-03-2024,198,Women's Accessories
10-03-2024,222,Women's Accessories
11-03-2024,183,Women's Accessories
12-03-2024,166,Women's Accessories
13-03-2024,163,Women's Accessories
14-03-2024,177,Women's Accessories
15-03-2024,174,Women's Accessories
16-03-2024,188,Women's Accessories
17-03-2024,205,Women's Accessories
18-03-2024,175,Women's Accessories
19-03-2024,172,Women's Accessories
20-03-2024,180,Women's Accessories
21-03-2024,174,Women's Accessories
22-03-2024,166,Women's Accessories
23-03-2024,180,Women's Accessories
24-03-2024,188,Women's Accessories
25-03-2024,168,Women's Accessories
26-03-2024,163,Women's Accessories
27-03-2024,161,Women's Accessories
28-03-2024,169,Women's Accessories
29-03-2024,181,Women's Accessories
30-03-2024,188,Women's Accessories
31-03-2024,203,Women's Accessories
01-04-2024,180,Women's Accessories
02-04-2024,172,Women's Accessories
03-04-2024,180,Women's Accessories
04-04-2024,182,Women's Accessories
05-04-2024,186,Women's Accessories
06-04-2024,192,Women's Accessories
07-04-2024,214,Women's Accessories
08-04-2024,177,Women's Accessories
09-04-2024,185,Women's Accessories
10-04-2024,175,Women's Accessories
11-04-2024,174,Women's Accessories
12-04-2024,169,Women's Accessories
13-04-2024,200,Women's Accessories
14-04-2024,194,Women's Accessories
15-04-2024,160,Women's Accessories
16-04-2024,163,Women's Accessories
17-04-2024,169,Women's Accessories
18-04-2024,161,Women's Accessories
19-04-2024,163,Women's Accessories
20-04-2024,170,Women's Accessories
21-04-2024,184,Women's Accessories
22-04-2024,161,Women's Accessories
23-04-2024,165,Women's Accessories
24-04-2024,174,Women's Accessories
25-04-2024,168,Women's Accessories
26-04-2024,173,Women's Accessories
27-04-2024,184,Women's Accessories
28-04-2024,201,Women's Accessories
29-04-2024,178,Women's Accessories
30-04-2024,166,Women's Accessories
01-05-2024,183,Women's Accessories
02-05-2024,158,Women's Accessories
03-05-2024,165,Women's Accessories
04-05-2024,179,Women's Accessories
05-05-2024,185,Women's Accessories
06-05-2024,163,Women's Accessories
07-05-2024,169,Women's Accessories
08-05-2024,168,Women's Accessories
09-05-2024,177,Women's Accessories
10-05-2024,197,Women's Accessories
11-05-2024,193,Women's Accessories
12-05-2024,189,Women's Accessories
13-05-2024,151,Women's Accessories
14-05-2024,158,Women's Accessories
15-05-2024,166,Women's Accessories
16-05-2024,156,Women's Accessories
17-05-2024,157,Women's Accessories
18-05-2024,159,Women's Accessories
19-05-2024,184,Women's Accessories
20-05-2024,163,Women's Accessories
21-05-2024,160,Women's Accessories
22-05-2024,158,Women's Accessories
23-05-2024,171,Women's Accessories
24-05-2024,154,Women's Accessories
25-05-2024,180,Women's Accessories
26-05-2024,179,Women's Accessories
27-05-2024,163,Women's Accessories
28-05-2024,163,Women's Accessories
29-05-2024,160,Women's Accessories
30-05-2024,163,Women's Accessories
31-05-2024,163,Women's Accessories
01-01-2024,118,Stationery
02-01-2024,115,Stationery
03-01-2024,117,Stationery
04-01-2024,111,Stationery
05-01-2024,115,Stationery
06-01-2024,120,Stationery
07-01-2024,122,Stationery
08-01-2024,116,Stationery
09-01-2024,114,Stationery
10-01-2024,117,Stationery
11-01-2024,109,Stationery
12-01-2024,110,Stationery
13-01-2024,117,Stationery
14-01-2024,115,Stationery
15-01-2024,107,Stationery
16-01-2024,111,Stationery
17-01-2024,109,Stationery
18-01-2024,113,Stationery
19-01-2024,110,Stationery
20-01-2024,118,Stationery
21-01-2024,121,Stationery
22-01-2024,106,Stationery
23-01-2024,112,Stationery
24-01-2024,111,Stationery
25-01-2024,104,Stationery
26-01-2024,112,Stationery
27-01-2024,111,Stationery
28-01-2024,120,Stationery
29-01-2024,115,Stationery
30-01-2024,118,Stationery
31-01-2024,121,Stationery
01-02-2024,124,Stationery
02-02-2024,118,Stationery
03-02-2024,119,Stationery
04-02-2024,131,Stationery
05-02-2024,123,Stationery
06-02-2024,128,Stationery
07-02-2024,135,Stationery
08-02-2024,135,Stationery
09-02-2024,124,Stationery
10-02-2024,137,Stationery
11-02-2024,132,Stationery
12-02-2024,127,Stationery
13-02-2024,146,Stationery
14-02-2024,159,Stationery
15-02-2024,118,Stationery
16-02-2024,116,Stationery
17-02-2024,114,Stationery
18-02-2024,124,Stationery
19-02-2024,116,Stationery
20-02-2024,117,Stationery
21-02-2024,125,Stationery
22-02-2024,117,Stationery
23-02-2024,105,Stationery
24-02-2024,118,Stationery
25-02-2024,111,Stationery
26-02-2024,108,Stationery
27-02-2024,115,Stationery
28-02-2024,113,Stationery
29-02-2024,114,Stationery
01-03-2024,111,Stationery
02-03-2024,113,Stationery
03-03-2024,124,Stationery
04-03-2024,111,Stationery
05-03-2024,120,Stationery
06-03-2024,118,Stationery
07-03-2024,112,Stationery
08-03-2024,110,Stationery
09-03-2024,115,Stationery
10-03-2024,116,Stationery
11-03-2024,105,Stationery
12-03-2024,108,Stationery
13-03-2024,111,Stationery
14-03-2024,109,Stationery
15-03-2024,107,Stationery
16-03-2024,110,Stationery
17-03-2024,109,Stationery
18-03-2024,98,Stationery
19-03-2024,111,Stationery
20-03-2024,107,Stationery
21-03-2024,112,Stationery
22-03-2024,101,Stationery
23-03-2024,96,Stationery
24-03-2024,98,Stationery
25-03-2024,90,Stationery
26-03-2024,101,Stationery
27-03-2024,98,Stationery
28-03-2024,102,Stationery
29-03-2024,109,Stationery
30-03-2024,104,Stationery
31-03-2024,108,Stationery
01-04-2024,115,Stationery
02-04-2024,116,Stationery
03-04-2024,114,Stationery
04-04-2024,112,Stationery
05-04-2024,105,Stationery
06-04-2024,110,Stationery
07-04-2024,114,Stationery
08-04-2024,105,Stationery
09-04-2024,104,Stationery
10-04-2024,103,Stationery
11-04-2024,109,Stationery
12-04-2024,97,Stationery
13-04-2024,105,Stationery
14-04-2024,106,Stationery
15-04-2024,98,Stationery
16-04-2024,96,Stationery
17-04-2024,103,Stationery
18-04-2024,104,Stationery
19-04-2024,99,Stationery
20-04-2024,100,Stationery
21-04-2024,106,Stationery
22-04-2024,106,Stationery
23-04-2024,103,Stationery
24-04-2024,103,Stationery
25-04-2024,103,Stationery
26-04-2024,101,Stationery
27-04-2024,102,Stationery
28-04-2024,102,Stationery
29-04-2024,103,Stationery
30-04-2024,107,Stationery
01-05-2024,108,Stationery
02-05-2024,107,Stationery
03-05-2024,102,Stationery
04-05-2024,107,Stationery
05-05-2024,113,Stationery
06-05-2024,103,Stationery
07-05-2024,106,Stationery
08-05-2024,106,Stationery
09-05-2024,100,Stationery
10-05-2024,108,Stationery
11-05-2024,120,Stationery
12-05-2024,118,Stationery
13-05-2024,96,Stationery
14-05-2024,99,Stationery
15-05-2024,101,Stationery
16-05-2024,103,Stationery
17-05-2024,101,Stationery
18-05-2024,94,Stationery
19-05-2024,93,Stationery
20-05-2024,95,Stationery
21-05-2024,94,Stationery
22-05-2024,92,Stationery
23-05-2024,103,Stationery
24-05-2024,102,Stationery
25-05-2024,104,Stationery
26-05-2024,95,Stationery
27-05-2024,100,Stationery
28-05-2024,107,Stationery
29-05-2024,102,Stationery
30-05-2024,104,Stationery
31-05-2024,106,Stationery
